[{"pk": 9, "model": "contenttypes.contenttype", "fields": {"model": "auction", "name": "auction", "app_label": "YAASProject"}}, {"pk": 10, "model": "contenttypes.contenttype", "fields": {"model": "bid", "name": "bid", "app_label": "YAASProject"}}, {"pk": 4, "model": "contenttypes.contenttype", "fields": {"model": "contenttype", "name": "content type", "app_label": "contenttypes"}}, {"pk": 2, "model": "contenttypes.contenttype", "fields": {"model": "group", "name": "group", "app_label": "auth"}}, {"pk": 7, "model": "contenttypes.contenttype", "fields": {"model": "logentry", "name": "log entry", "app_label": "admin"}}, {"pk": 1, "model": "contenttypes.contenttype", "fields": {"model": "permission", "name": "permission", "app_label": "auth"}}, {"pk": 5, "model": "contenttypes.contenttype", "fields": {"model": "session", "name": "session", "app_label": "sessions"}}, {"pk": 6, "model": "contenttypes.contenttype", "fields": {"model": "site", "name": "site", "app_label": "sites"}}, {"pk": 3, "model": "contenttypes.contenttype", "fields": {"model": "user", "name": "user", "app_label": "auth"}}, {"pk": 8, "model": "contenttypes.contenttype", "fields": {"model": "userprofile", "name": "user profile", "app_label": "YAASProject"}}, {"pk": "408da3914dec5493bf7aa75d42619399", "model": "sessions.session", "fields": {"expire_date": "2013-04-10T19:26:13.669Z", "session_data": "NDY2N2U1ZmFmMTA4NzVkNjM5ZDVlNzFkMzU4YjAyNTdkZjFmMjM1ZTqAAn1xAVUEbGFuZ3ECVQJz\ndnEDcy4=\n"}}, {"pk": 1, "model": "sites.site", "fields": {"domain": "example.com", "name": "example.com"}}, {"pk": 25, "model": "auth.permission", "fields": {"codename": "add_auction", "name": "Can add auction", "content_type": 9}}, {"pk": 26, "model": "auth.permission", "fields": {"codename": "change_auction", "name": "Can change auction", "content_type": 9}}, {"pk": 27, "model": "auth.permission", "fields": {"codename": "delete_auction", "name": "Can delete auction", "content_type": 9}}, {"pk": 28, "model": "auth.permission", "fields": {"codename": "add_bid", "name": "Can add bid", "content_type": 10}}, {"pk": 29, "model": "auth.permission", "fields": {"codename": "change_bid", "name": "Can change bid", "content_type": 10}}, {"pk": 30, "model": "auth.permission", "fields": {"codename": "delete_bid", "name": "Can delete bid", "content_type": 10}}, {"pk": 22, "model": "auth.permission", "fields": {"codename": "add_userprofile", "name": "Can add user profile", "content_type": 8}}, {"pk": 23, "model": "auth.permission", "fields": {"codename": "change_userprofile", "name": "Can change user profile", "content_type": 8}}, {"pk": 24, "model": "auth.permission", "fields": {"codename": "delete_userprofile", "name": "Can delete user profile", "content_type": 8}}, {"pk": 19, "model": "auth.permission", "fields": {"codename": "add_logentry", "name": "Can add log entry", "content_type": 7}}, {"pk": 20, "model": "auth.permission", "fields": {"codename": "change_logentry", "name": "Can change log entry", "content_type": 7}}, {"pk": 21, "model": "auth.permission", "fields": {"codename": "delete_logentry", "name": "Can delete log entry", "content_type": 7}}, {"pk": 4, "model": "auth.permission", "fields": {"codename": "add_group", "name": "Can add group", "content_type": 2}}, {"pk": 5, "model": "auth.permission", "fields": {"codename": "change_group", "name": "Can change group", "content_type": 2}}, {"pk": 6, "model": "auth.permission", "fields": {"codename": "delete_group", "name": "Can delete group", "content_type": 2}}, {"pk": 1, "model": "auth.permission", "fields": {"codename": "add_permission", "name": "Can add permission", "content_type": 1}}, {"pk": 2, "model": "auth.permission", "fields": {"codename": "change_permission", "name": "Can change permission", "content_type": 1}}, {"pk": 3, "model": "auth.permission", "fields": {"codename": "delete_permission", "name": "Can delete permission", "content_type": 1}}, {"pk": 7, "model": "auth.permission", "fields": {"codename": "add_user", "name": "Can add user", "content_type": 3}}, {"pk": 8, "model": "auth.permission", "fields": {"codename": "change_user", "name": "Can change user", "content_type": 3}}, {"pk": 9, "model": "auth.permission", "fields": {"codename": "delete_user", "name": "Can delete user", "content_type": 3}}, {"pk": 10, "model": "auth.permission", "fields": {"codename": "add_contenttype", "name": "Can add content type", "content_type": 4}}, {"pk": 11, "model": "auth.permission", "fields": {"codename": "change_contenttype", "name": "Can change content type", "content_type": 4}}, {"pk": 12, "model": "auth.permission", "fields": {"codename": "delete_contenttype", "name": "Can delete content type", "content_type": 4}}, {"pk": 13, "model": "auth.permission", "fields": {"codename": "add_session", "name": "Can add session", "content_type": 5}}, {"pk": 14, "model": "auth.permission", "fields": {"codename": "change_session", "name": "Can change session", "content_type": 5}}, {"pk": 15, "model": "auth.permission", "fields": {"codename": "delete_session", "name": "Can delete session", "content_type": 5}}, {"pk": 16, "model": "auth.permission", "fields": {"codename": "add_site", "name": "Can add site", "content_type": 6}}, {"pk": 17, "model": "auth.permission", "fields": {"codename": "change_site", "name": "Can change site", "content_type": 6}}, {"pk": 18, "model": "auth.permission", "fields": {"codename": "delete_site", "name": "Can delete site", "content_type": 6}}, {"pk": 1, "model": "auth.user", "fields": {"username": "admin", "first_name": "", "last_name": "", "is_active": true, "is_superuser": true, "is_staff": true, "last_login": "2013-03-27T19:26:05.726Z", "groups": [], "user_permissions": [], "password": "pbkdf2_sha256$10000$16WcKlPiQHgU$ZIjBaAT6Jv7dli1krOkiVeXdk8MZxpC01kOTX07ggTc=", "email": "admin@mail.com", "date_joined": "2013-03-27T19:26:05.726Z"}}, {"pk": 2, "model": "auth.user", "fields": {"username": "john2", "first_name": "", "last_name": "", "is_active": true, "is_superuser": false, "is_staff": false, "last_login": "2013-03-27T19:26:30.579Z", "groups": [], "user_permissions": [], "password": "pbkdf2_sha256$10000$vnUfC0WkoMIP$Yg69gfIKMa2rdOy/QXGFhMq4mMMtxQ5LcWPz8YMB0/w=", "email": "smith2@mail.com", "date_joined": "2013-03-27T19:26:30.579Z"}}, {"pk": 3, "model": "auth.user", "fields": {"username": "john3", "first_name": "", "last_name": "", "is_active": true, "is_superuser": false, "is_staff": false, "last_login": "2013-03-27T19:26:30.815Z", "groups": [], "user_permissions": [], "password": "pbkdf2_sha256$10000$6TClmBjF4Rj1$9fuqs8SZhdli2z2vinng7Khcuq3oJy46eTyjZIJeejc=", "email": "smith3@mail.com", "date_joined": "2013-03-27T19:26:30.815Z"}}, {"pk": 4, "model": "auth.user", "fields": {"username": "john4", "first_name": "", "last_name": "", "is_active": true, "is_superuser": false, "is_staff": false, "last_login": "2013-03-27T19:26:31.055Z", "groups": [], "user_permissions": [], "password": "pbkdf2_sha256$10000$Qzzn6uZLI7XO$Bg0PvF8tvDhcrQtMvMVFqGNproFO7FtliUzIK4g1bvg=", "email": "smith4@mail.com", "date_joined": "2013-03-27T19:26:31.055Z"}}, {"pk": 5, "model": "auth.user", "fields": {"username": "john5", "first_name": "", "last_name": "", "is_active": true, "is_superuser": false, "is_staff": false, "last_login": "2013-03-27T19:26:31.464Z", "groups": [], "user_permissions": [], "password": "pbkdf2_sha256$10000$reDWCqSg6v9i$sUp7Mtzd8QME/jTlpmfquedu6yprQ0exCNfxE7mVFYI=", "email": "smith5@mail.com", "date_joined": "2013-03-27T19:26:31.464Z"}}, {"pk": 6, "model": "auth.user", "fields": {"username": "john6", "first_name": "", "last_name": "", "is_active": true, "is_superuser": false, "is_staff": false, "last_login": "2013-03-27T19:26:31.706Z", "groups": [], "user_permissions": [], "password": "pbkdf2_sha256$10000$A0aVb0RK8e3e$r2zYNGghfJ6BUrXl8q9TmWMm5kebdxAE3psB+cbIjck=", "email": "smith6@mail.com", "date_joined": "2013-03-27T19:26:31.706Z"}}, {"pk": 7, "model": "auth.user", "fields": {"username": "john7", "first_name": "", "last_name": "", "is_active": true, "is_superuser": false, "is_staff": false, "last_login": "2013-03-27T19:26:31.941Z", "groups": [], "user_permissions": [], "password": "pbkdf2_sha256$10000$J2mUjHuHIWyk$np9gsHsPzpApBBAihZdd15Up05oS7Q9n0hWJ9Mj7RHg=", "email": "smith7@mail.com", "date_joined": "2013-03-27T19:26:31.941Z"}}, {"pk": 8, "model": "auth.user", "fields": {"username": "john8", "first_name": "", "last_name": "", "is_active": true, "is_superuser": false, "is_staff": false, "last_login": "2013-03-27T19:26:32.186Z", "groups": [], "user_permissions": [], "password": "pbkdf2_sha256$10000$X1f70efZAB73$NUF9OTURkyyO0LwioMqn+pjml1rAU9gPP5hOZwodI1Y=", "email": "smith8@mail.com", "date_joined": "2013-03-27T19:26:32.186Z"}}, {"pk": 9, "model": "auth.user", "fields": {"username": "john9", "first_name": "", "last_name": "", "is_active": true, "is_superuser": false, "is_staff": false, "last_login": "2013-03-27T19:26:32.501Z", "groups": [], "user_permissions": [], "password": "pbkdf2_sha256$10000$mNCtgu6wsCCB$RnOX3i0DIWM9TQJjVaLAMWv2wV3TLBavyZEKDF5WNw4=", "email": "smith9@mail.com", "date_joined": "2013-03-27T19:26:32.501Z"}}, {"pk": 10, "model": "auth.user", "fields": {"username": "john10", "first_name": "", "last_name": "", "is_active": true, "is_superuser": false, "is_staff": false, "last_login": "2013-03-27T19:26:32.802Z", "groups": [], "user_permissions": [], "password": "pbkdf2_sha256$10000$utG7JsLsz881$objb5jpJYl/011HQmwwNsx7OFUlEETT7+uidn5b/2Ko=", "email": "smith10@mail.com", "date_joined": "2013-03-27T19:26:32.802Z"}}, {"pk": 11, "model": "auth.user", "fields": {"username": "john11", "first_name": "", "last_name": "", "is_active": true, "is_superuser": false, "is_staff": false, "last_login": "2013-03-27T19:26:33.082Z", "groups": [], "user_permissions": [], "password": "pbkdf2_sha256$10000$pqvCYe5Ro2br$YabxQuqEyyfMc6NKvABBiUVnR3F2EmRk0CyZjen5jbQ=", "email": "smith11@mail.com", "date_joined": "2013-03-27T19:26:33.082Z"}}, {"pk": 12, "model": "auth.user", "fields": {"username": "john12", "first_name": "", "last_name": "", "is_active": true, "is_superuser": false, "is_staff": false, "last_login": "2013-03-27T19:26:33.335Z", "groups": [], "user_permissions": [], "password": "pbkdf2_sha256$10000$VwKh43ZE87D6$tIwf0pQqMvPqvdC482i79nCI8+Q3YLHA58pHkd3hRgc=", "email": "smith12@mail.com", "date_joined": "2013-03-27T19:26:33.335Z"}}, {"pk": 13, "model": "auth.user", "fields": {"username": "john13", "first_name": "", "last_name": "", "is_active": true, "is_superuser": false, "is_staff": false, "last_login": "2013-03-27T19:26:34.051Z", "groups": [], "user_permissions": [], "password": "pbkdf2_sha256$10000$frUjL2f82z9T$jU8Xb3uMj80yVPbHEh7ic/xhO+9NJUfT5wRkcQFVE00=", "email": "smith13@mail.com", "date_joined": "2013-03-27T19:26:34.051Z"}}, {"pk": 14, "model": "auth.user", "fields": {"username": "john14", "first_name": "", "last_name": "", "is_active": true, "is_superuser": false, "is_staff": false, "last_login": "2013-03-27T19:26:34.298Z", "groups": [], "user_permissions": [], "password": "pbkdf2_sha256$10000$trfvVeyQOOtv$hranH6VxezGfK4peHGBs1eKRv2uEDJAPGQrcAmjVeEo=", "email": "smith14@mail.com", "date_joined": "2013-03-27T19:26:34.298Z"}}, {"pk": 15, "model": "auth.user", "fields": {"username": "john15", "first_name": "", "last_name": "", "is_active": true, "is_superuser": false, "is_staff": false, "last_login": "2013-03-27T19:26:34.527Z", "groups": [], "user_permissions": [], "password": "pbkdf2_sha256$10000$2PncAgDaSWfk$txd8GnZ8Zhbl09jwwG6FKjjtLJNFMtgW6IscsfnFh0Q=", "email": "smith15@mail.com", "date_joined": "2013-03-27T19:26:34.527Z"}}, {"pk": 16, "model": "auth.user", "fields": {"username": "john16", "first_name": "", "last_name": "", "is_active": true, "is_superuser": false, "is_staff": false, "last_login": "2013-03-27T19:26:34.749Z", "groups": [], "user_permissions": [], "password": "pbkdf2_sha256$10000$rcbtFx6Iv4Vf$apKTDjdlFgzjkyAj7WMQH41tWJn8IGbK5JFlunI7twg=", "email": "smith16@mail.com", "date_joined": "2013-03-27T19:26:34.749Z"}}, {"pk": 17, "model": "auth.user", "fields": {"username": "john17", "first_name": "", "last_name": "", "is_active": true, "is_superuser": false, "is_staff": false, "last_login": "2013-03-27T19:26:34.977Z", "groups": [], "user_permissions": [], "password": "pbkdf2_sha256$10000$apg4naObSj24$1c3TgbQsY9CsCs8qS0bHlh48oSy7g4KQRR1RWBA6HPo=", "email": "smith17@mail.com", "date_joined": "2013-03-27T19:26:34.977Z"}}, {"pk": 18, "model": "auth.user", "fields": {"username": "john18", "first_name": "", "last_name": "", "is_active": true, "is_superuser": false, "is_staff": false, "last_login": "2013-03-27T19:26:35.322Z", "groups": [], "user_permissions": [], "password": "pbkdf2_sha256$10000$pHPGstLx0mZg$UAcXYqJGDjInNm5uidXSXL0ghAluCNIAabdn8zSl8mQ=", "email": "smith18@mail.com", "date_joined": "2013-03-27T19:26:35.322Z"}}, {"pk": 19, "model": "auth.user", "fields": {"username": "john19", "first_name": "", "last_name": "", "is_active": true, "is_superuser": false, "is_staff": false, "last_login": "2013-03-27T19:26:35.567Z", "groups": [], "user_permissions": [], "password": "pbkdf2_sha256$10000$OmVGs854NEV0$rILC+JrWCuf9BdKnGthGrgjtTVinXhPmKR0ZE2NOZHw=", "email": "smith19@mail.com", "date_joined": "2013-03-27T19:26:35.567Z"}}, {"pk": 20, "model": "auth.user", "fields": {"username": "john20", "first_name": "", "last_name": "", "is_active": true, "is_superuser": false, "is_staff": false, "last_login": "2013-03-27T19:26:35.809Z", "groups": [], "user_permissions": [], "password": "pbkdf2_sha256$10000$1vAVOwsL3xCA$1h7b20mjeOg8SG2O0CB9/PF4X8nPw7pbAZZryayra3Y=", "email": "smith20@mail.com", "date_joined": "2013-03-27T19:26:35.809Z"}}, {"pk": 21, "model": "auth.user", "fields": {"username": "john21", "first_name": "", "last_name": "", "is_active": true, "is_superuser": false, "is_staff": false, "last_login": "2013-03-27T19:26:36.042Z", "groups": [], "user_permissions": [], "password": "pbkdf2_sha256$10000$S3oMUIZiDufy$hF1TdHPorXq+v8GP1Jav3wCCSH7WM2mOscQ7e63fFxw=", "email": "smith21@mail.com", "date_joined": "2013-03-27T19:26:36.042Z"}}, {"pk": 22, "model": "auth.user", "fields": {"username": "john22", "first_name": "", "last_name": "", "is_active": true, "is_superuser": false, "is_staff": false, "last_login": "2013-03-27T19:26:36.274Z", "groups": [], "user_permissions": [], "password": "pbkdf2_sha256$10000$A5Qo37w8lZjj$SmV2c+f1Eb7CR62cIp7m4jH79vjpeVYiJKrAiNWI6G8=", "email": "smith22@mail.com", "date_joined": "2013-03-27T19:26:36.274Z"}}, {"pk": 23, "model": "auth.user", "fields": {"username": "john23", "first_name": "", "last_name": "", "is_active": true, "is_superuser": false, "is_staff": false, "last_login": "2013-03-27T19:26:36.550Z", "groups": [], "user_permissions": [], "password": "pbkdf2_sha256$10000$2Ilt73bLFp7g$BxVJ11CsXLtx70rqKzeBTlcaZVSFSwNJU2UzQpuYFqw=", "email": "smith23@mail.com", "date_joined": "2013-03-27T19:26:36.550Z"}}, {"pk": 24, "model": "auth.user", "fields": {"username": "john24", "first_name": "", "last_name": "", "is_active": true, "is_superuser": false, "is_staff": false, "last_login": "2013-03-27T19:26:36.773Z", "groups": [], "user_permissions": [], "password": "pbkdf2_sha256$10000$NVZ9JEKGZ1ys$Yl7ekhjTKFdK+/mpQpdeXAwfclmP8lcmcs19f9tohdg=", "email": "smith24@mail.com", "date_joined": "2013-03-27T19:26:36.773Z"}}, {"pk": 25, "model": "auth.user", "fields": {"username": "john25", "first_name": "", "last_name": "", "is_active": true, "is_superuser": false, "is_staff": false, "last_login": "2013-03-27T19:26:36.992Z", "groups": [], "user_permissions": [], "password": "pbkdf2_sha256$10000$cJUEl7uA6kLT$e1/Y/EU2H0VHmM70FNY8sKObbxL6k0KaLCcGNgYmLH4=", "email": "smith25@mail.com", "date_joined": "2013-03-27T19:26:36.992Z"}}, {"pk": 26, "model": "auth.user", "fields": {"username": "john26", "first_name": "", "last_name": "", "is_active": true, "is_superuser": false, "is_staff": false, "last_login": "2013-03-27T19:26:37.263Z", "groups": [], "user_permissions": [], "password": "pbkdf2_sha256$10000$aiG28AhltGAW$Nvnpdh8FOn185DcBS/7nT+j8nQ8cWkhFGvZtcDpkbKs=", "email": "smith26@mail.com", "date_joined": "2013-03-27T19:26:37.263Z"}}, {"pk": 27, "model": "auth.user", "fields": {"username": "john27", "first_name": "", "last_name": "", "is_active": true, "is_superuser": false, "is_staff": false, "last_login": "2013-03-27T19:26:37.517Z", "groups": [], "user_permissions": [], "password": "pbkdf2_sha256$10000$r9krGuXV5gRz$fZ8CiJx3HzmLePMjeLjAT5nvm/+bl8Pw9fLxVvf/Mpc=", "email": "smith27@mail.com", "date_joined": "2013-03-27T19:26:37.517Z"}}, {"pk": 28, "model": "auth.user", "fields": {"username": "john28", "first_name": "", "last_name": "", "is_active": true, "is_superuser": false, "is_staff": false, "last_login": "2013-03-27T19:26:37.785Z", "groups": [], "user_permissions": [], "password": "pbkdf2_sha256$10000$X6WmeVCqEJnt$/+VI2weNyqB7vnaJzXvJVjKrXl5CdSutLisqioal0M0=", "email": "smith28@mail.com", "date_joined": "2013-03-27T19:26:37.785Z"}}, {"pk": 29, "model": "auth.user", "fields": {"username": "john29", "first_name": "", "last_name": "", "is_active": true, "is_superuser": false, "is_staff": false, "last_login": "2013-03-27T19:26:38.027Z", "groups": [], "user_permissions": [], "password": "pbkdf2_sha256$10000$fwqDauqrFrlc$j9zNEUjPsKzb+CPVcGplmdeDSrqOGxS3/hM0A1GHTfk=", "email": "smith29@mail.com", "date_joined": "2013-03-27T19:26:38.027Z"}}, {"pk": 30, "model": "auth.user", "fields": {"username": "john30", "first_name": "", "last_name": "", "is_active": true, "is_superuser": false, "is_staff": false, "last_login": "2013-03-27T19:26:38.263Z", "groups": [], "user_permissions": [], "password": "pbkdf2_sha256$10000$rywGaq7CflEg$dgWVGNm5jzSvqyce8EWJtZTCdPBKTPZ2cMObsuOeN+4=", "email": "smith30@mail.com", "date_joined": "2013-03-27T19:26:38.263Z"}}, {"pk": 31, "model": "auth.user", "fields": {"username": "john31", "first_name": "", "last_name": "", "is_active": true, "is_superuser": false, "is_staff": false, "last_login": "2013-03-27T19:26:38.495Z", "groups": [], "user_permissions": [], "password": "pbkdf2_sha256$10000$Z9cgPfRhVqOe$Vx2A9dBC8ZfKX3uH9+gYdBjKYe1hFSLc1BasWDJ4Do0=", "email": "smith31@mail.com", "date_joined": "2013-03-27T19:26:38.495Z"}}, {"pk": 32, "model": "auth.user", "fields": {"username": "john32", "first_name": "", "last_name": "", "is_active": true, "is_superuser": false, "is_staff": false, "last_login": "2013-03-27T19:26:38.727Z", "groups": [], "user_permissions": [], "password": "pbkdf2_sha256$10000$i7WEvaVPimO2$NB/ybPHpaWXYrz+CAYSSwNo+vwu4CjglOgMpUYsXOJg=", "email": "smith32@mail.com", "date_joined": "2013-03-27T19:26:38.727Z"}}, {"pk": 33, "model": "auth.user", "fields": {"username": "john33", "first_name": "", "last_name": "", "is_active": true, "is_superuser": false, "is_staff": false, "last_login": "2013-03-27T19:26:38.997Z", "groups": [], "user_permissions": [], "password": "pbkdf2_sha256$10000$Cg1GLLWeTLee$P63ucK/YWUZPCMYqJiHtUPWKc64cXnlicnleqHVu9Cg=", "email": "smith33@mail.com", "date_joined": "2013-03-27T19:26:38.997Z"}}, {"pk": 34, "model": "auth.user", "fields": {"username": "john34", "first_name": "", "last_name": "", "is_active": true, "is_superuser": false, "is_staff": false, "last_login": "2013-03-27T19:26:39.222Z", "groups": [], "user_permissions": [], "password": "pbkdf2_sha256$10000$tywi0ddX8num$LAAUV27GhUNEbDsz+FqAiaLdcU9ne4VCah4x9mvLo7k=", "email": "smith34@mail.com", "date_joined": "2013-03-27T19:26:39.222Z"}}, {"pk": 35, "model": "auth.user", "fields": {"username": "john35", "first_name": "", "last_name": "", "is_active": true, "is_superuser": false, "is_staff": false, "last_login": "2013-03-27T19:26:39.458Z", "groups": [], "user_permissions": [], "password": "pbkdf2_sha256$10000$5whrXUY8G1p1$soW+JHUVTmMq0yRPTgGZj7n6xy/nYoVg93lfjJyok1o=", "email": "smith35@mail.com", "date_joined": "2013-03-27T19:26:39.458Z"}}, {"pk": 36, "model": "auth.user", "fields": {"username": "john36", "first_name": "", "last_name": "", "is_active": true, "is_superuser": false, "is_staff": false, "last_login": "2013-03-27T19:26:39.811Z", "groups": [], "user_permissions": [], "password": "pbkdf2_sha256$10000$sWpiD8JSgm73$bsx8IHFU3Hk7wWI9mYkICISkcM2MCt+D+uLr49QsTvI=", "email": "smith36@mail.com", "date_joined": "2013-03-27T19:26:39.811Z"}}, {"pk": 37, "model": "auth.user", "fields": {"username": "john37", "first_name": "", "last_name": "", "is_active": true, "is_superuser": false, "is_staff": false, "last_login": "2013-03-27T19:26:40.252Z", "groups": [], "user_permissions": [], "password": "pbkdf2_sha256$10000$oTz6i4nKGo6D$s6g8fiv/hVg/TeBuAgSVtKYSvCVaslzkbTCuG2KBlZ8=", "email": "smith37@mail.com", "date_joined": "2013-03-27T19:26:40.252Z"}}, {"pk": 38, "model": "auth.user", "fields": {"username": "john38", "first_name": "", "last_name": "", "is_active": true, "is_superuser": false, "is_staff": false, "last_login": "2013-03-27T19:26:40.492Z", "groups": [], "user_permissions": [], "password": "pbkdf2_sha256$10000$70GhpLX9oRuq$zL4LZUx/TTIiFvh/QRTvnzVeLfi86xmk0uuwnpfKg/Y=", "email": "smith38@mail.com", "date_joined": "2013-03-27T19:26:40.492Z"}}, {"pk": 39, "model": "auth.user", "fields": {"username": "john39", "first_name": "", "last_name": "", "is_active": true, "is_superuser": false, "is_staff": false, "last_login": "2013-03-27T19:26:40.718Z", "groups": [], "user_permissions": [], "password": "pbkdf2_sha256$10000$9Gh9KE31FjXk$fcs3S3zI/mJEbaXCR2+hiH+npGd5stfk8Utr8ubILhw=", "email": "smith39@mail.com", "date_joined": "2013-03-27T19:26:40.718Z"}}, {"pk": 40, "model": "auth.user", "fields": {"username": "john40", "first_name": "", "last_name": "", "is_active": true, "is_superuser": false, "is_staff": false, "last_login": "2013-03-27T19:26:40.943Z", "groups": [], "user_permissions": [], "password": "pbkdf2_sha256$10000$rcOFJ8qYwhzy$U9MRN5KfBNbrq1ZyBA4ypQa9xzIZGDrEWveSPL4vEy4=", "email": "smith40@mail.com", "date_joined": "2013-03-27T19:26:40.943Z"}}, {"pk": 41, "model": "auth.user", "fields": {"username": "john41", "first_name": "", "last_name": "", "is_active": true, "is_superuser": false, "is_staff": false, "last_login": "2013-03-27T19:26:41.165Z", "groups": [], "user_permissions": [], "password": "pbkdf2_sha256$10000$KYHECtJTPJwv$EfbvAZ11n6ZqnKGFFBAwJhBSNFJEnT4O20+2VDtbYO4=", "email": "smith41@mail.com", "date_joined": "2013-03-27T19:26:41.165Z"}}, {"pk": 42, "model": "auth.user", "fields": {"username": "john42", "first_name": "", "last_name": "", "is_active": true, "is_superuser": false, "is_staff": false, "last_login": "2013-03-27T19:26:41.548Z", "groups": [], "user_permissions": [], "password": "pbkdf2_sha256$10000$HalFhLlTmn1k$shtU9EXPHs7xU6A5UhWdXgUv8rSTjrai5J+Ajk+fpu8=", "email": "smith42@mail.com", "date_joined": "2013-03-27T19:26:41.548Z"}}, {"pk": 43, "model": "auth.user", "fields": {"username": "john43", "first_name": "", "last_name": "", "is_active": true, "is_superuser": false, "is_staff": false, "last_login": "2013-03-27T19:26:41.872Z", "groups": [], "user_permissions": [], "password": "pbkdf2_sha256$10000$J5Xjo4iWqvmR$5thIu6v+69GpOZm0kpUv9Stqckv62DonLSXaMMs6I/Q=", "email": "smith43@mail.com", "date_joined": "2013-03-27T19:26:41.872Z"}}, {"pk": 44, "model": "auth.user", "fields": {"username": "john44", "first_name": "", "last_name": "", "is_active": true, "is_superuser": false, "is_staff": false, "last_login": "2013-03-27T19:26:42.094Z", "groups": [], "user_permissions": [], "password": "pbkdf2_sha256$10000$p66sbWdcct34$eQCyBVgp4D+KfZHFOxuTrNinLKmdZdV6o63wRsoIquY=", "email": "smith44@mail.com", "date_joined": "2013-03-27T19:26:42.094Z"}}, {"pk": 45, "model": "auth.user", "fields": {"username": "john45", "first_name": "", "last_name": "", "is_active": true, "is_superuser": false, "is_staff": false, "last_login": "2013-03-27T19:26:42.319Z", "groups": [], "user_permissions": [], "password": "pbkdf2_sha256$10000$qkheBN9H9P8D$txW18zj2xCzBzoyPVN8FIBNqkL6qo8DK8GOkBSCq/Ac=", "email": "smith45@mail.com", "date_joined": "2013-03-27T19:26:42.319Z"}}, {"pk": 46, "model": "auth.user", "fields": {"username": "john46", "first_name": "", "last_name": "", "is_active": true, "is_superuser": false, "is_staff": false, "last_login": "2013-03-27T19:26:42.566Z", "groups": [], "user_permissions": [], "password": "pbkdf2_sha256$10000$lBxhDsSjOSuX$zNuCh/J+uF2IEH/oADFbarSEayiA7D7tIjMCqnMi8pY=", "email": "smith46@mail.com", "date_joined": "2013-03-27T19:26:42.566Z"}}, {"pk": 47, "model": "auth.user", "fields": {"username": "john47", "first_name": "", "last_name": "", "is_active": true, "is_superuser": false, "is_staff": false, "last_login": "2013-03-27T19:26:42.817Z", "groups": [], "user_permissions": [], "password": "pbkdf2_sha256$10000$N5ID5mEiAJl4$RSpByR5ePhGK1tRl+wYQx8P2jPygjPWPr4orSwjftD0=", "email": "smith47@mail.com", "date_joined": "2013-03-27T19:26:42.817Z"}}, {"pk": 48, "model": "auth.user", "fields": {"username": "john48", "first_name": "", "last_name": "", "is_active": true, "is_superuser": false, "is_staff": false, "last_login": "2013-03-27T19:26:43.037Z", "groups": [], "user_permissions": [], "password": "pbkdf2_sha256$10000$Z2i0rABkTYZc$paNnoSc0rjtNqhKzv5WFvwzDTb+b3cAvvLsDkFp18LM=", "email": "smith48@mail.com", "date_joined": "2013-03-27T19:26:43.037Z"}}, {"pk": 49, "model": "auth.user", "fields": {"username": "john49", "first_name": "", "last_name": "", "is_active": true, "is_superuser": false, "is_staff": false, "last_login": "2013-03-27T19:26:43.270Z", "groups": [], "user_permissions": [], "password": "pbkdf2_sha256$10000$mZ1fvYRn145s$e55PJZ/bfNaIPUx+qDExKC1oP4WaX4+njFqPl9rP3AY=", "email": "smith49@mail.com", "date_joined": "2013-03-27T19:26:43.270Z"}}, {"pk": 50, "model": "auth.user", "fields": {"username": "john50", "first_name": "", "last_name": "", "is_active": true, "is_superuser": false, "is_staff": false, "last_login": "2013-03-27T19:26:43.506Z", "groups": [], "user_permissions": [], "password": "pbkdf2_sha256$10000$3lmmvSuW4tXp$/KhF/AoAlJV5xGY8TPnxETM6h4yv6epPrqWFBl9NWRc=", "email": "smith50@mail.com", "date_joined": "2013-03-27T19:26:43.506Z"}}, {"pk": 51, "model": "auth.user", "fields": {"username": "john51", "first_name": "", "last_name": "", "is_active": true, "is_superuser": false, "is_staff": false, "last_login": "2013-03-27T19:26:43.755Z", "groups": [], "user_permissions": [], "password": "pbkdf2_sha256$10000$bpuCf5I4nKlF$iiwJ7eHptjz6hGbK3Z4UqqPXdfhRLSQx5VW1Nff2BuE=", "email": "smith51@mail.com", "date_joined": "2013-03-27T19:26:43.755Z"}}, {"pk": 52, "model": "auth.user", "fields": {"username": "john52", "first_name": "", "last_name": "", "is_active": true, "is_superuser": false, "is_staff": false, "last_login": "2013-03-27T19:26:44.012Z", "groups": [], "user_permissions": [], "password": "pbkdf2_sha256$10000$Slou8EiJI9cL$oixuh7Tvsy2iFh076RUtC/909F/NrkMrhukF97WlHW8=", "email": "smith52@mail.com", "date_joined": "2013-03-27T19:26:44.012Z"}}, {"pk": 53, "model": "auth.user", "fields": {"username": "john53", "first_name": "", "last_name": "", "is_active": true, "is_superuser": false, "is_staff": false, "last_login": "2013-03-27T19:26:44.277Z", "groups": [], "user_permissions": [], "password": "pbkdf2_sha256$10000$8tGkhiYvhWr1$u2r7jeAr3QJez7wtuJjthfLeIcgj6usRVY0z61hr9io=", "email": "smith53@mail.com", "date_joined": "2013-03-27T19:26:44.277Z"}}, {"pk": 54, "model": "auth.user", "fields": {"username": "john54", "first_name": "", "last_name": "", "is_active": true, "is_superuser": false, "is_staff": false, "last_login": "2013-03-27T19:26:44.507Z", "groups": [], "user_permissions": [], "password": "pbkdf2_sha256$10000$NB4TCZO7JNoq$Ss3m8zY1d6Hc8q9CqdKuQRFiDSx+GpxqSO+NArHEb4s=", "email": "smith54@mail.com", "date_joined": "2013-03-27T19:26:44.507Z"}}, {"pk": 55, "model": "auth.user", "fields": {"username": "john55", "first_name": "", "last_name": "", "is_active": true, "is_superuser": false, "is_staff": false, "last_login": "2013-03-27T19:26:44.730Z", "groups": [], "user_permissions": [], "password": "pbkdf2_sha256$10000$deaTztX8IHIm$hCjiwjoAtq6GMj/WAqHITK1z0RYNqsrFlxFKsXs5L3k=", "email": "smith55@mail.com", "date_joined": "2013-03-27T19:26:44.730Z"}}, {"pk": 56, "model": "auth.user", "fields": {"username": "john56", "first_name": "", "last_name": "", "is_active": true, "is_superuser": false, "is_staff": false, "last_login": "2013-03-27T19:26:44.956Z", "groups": [], "user_permissions": [], "password": "pbkdf2_sha256$10000$XTzZTJw4Di3c$VEEUZb9sA/d8jI+cXyhu0vKIAUu+BT/55FGdxrbPqrY=", "email": "smith56@mail.com", "date_joined": "2013-03-27T19:26:44.956Z"}}, {"pk": 57, "model": "auth.user", "fields": {"username": "john57", "first_name": "", "last_name": "", "is_active": true, "is_superuser": false, "is_staff": false, "last_login": "2013-03-27T19:26:45.229Z", "groups": [], "user_permissions": [], "password": "pbkdf2_sha256$10000$Ak0WSvAWHUi3$7BUKMGELObBgABKxHJNPZHec/+AgLWWiL5QlkO6jA7o=", "email": "smith57@mail.com", "date_joined": "2013-03-27T19:26:45.229Z"}}, {"pk": 58, "model": "auth.user", "fields": {"username": "john58", "first_name": "", "last_name": "", "is_active": true, "is_superuser": false, "is_staff": false, "last_login": "2013-03-27T19:26:45.579Z", "groups": [], "user_permissions": [], "password": "pbkdf2_sha256$10000$v6KDuPIRfj9j$oPz9cpqNZjAJxtjpEwjzltsRobgJ9a6vya5U7mM7q18=", "email": "smith58@mail.com", "date_joined": "2013-03-27T19:26:45.579Z"}}, {"pk": 59, "model": "auth.user", "fields": {"username": "john59", "first_name": "", "last_name": "", "is_active": true, "is_superuser": false, "is_staff": false, "last_login": "2013-03-27T19:26:45.818Z", "groups": [], "user_permissions": [], "password": "pbkdf2_sha256$10000$LysDKyNjrEN9$m4zGE9GohBnF01BcnjXP1BEPPIBdCaiS4HubFZuamd0=", "email": "smith59@mail.com", "date_joined": "2013-03-27T19:26:45.818Z"}}, {"pk": 60, "model": "auth.user", "fields": {"username": "john60", "first_name": "", "last_name": "", "is_active": true, "is_superuser": false, "is_staff": false, "last_login": "2013-03-27T19:26:46.049Z", "groups": [], "user_permissions": [], "password": "pbkdf2_sha256$10000$sszQAcBTslnE$F/clqH6Tp9aRIqk1XfIv0z0MNERxcc7+/AZPnB3sSOM=", "email": "smith60@mail.com", "date_joined": "2013-03-27T19:26:46.049Z"}}, {"pk": 61, "model": "auth.user", "fields": {"username": "john61", "first_name": "", "last_name": "", "is_active": true, "is_superuser": false, "is_staff": false, "last_login": "2013-03-27T19:26:46.333Z", "groups": [], "user_permissions": [], "password": "pbkdf2_sha256$10000$VZMwNL8oW3dq$Fsr4biPQ2poBXQtyVexaemzfzyYwJABdXKA/jUGFTmg=", "email": "smith61@mail.com", "date_joined": "2013-03-27T19:26:46.333Z"}}, {"pk": 1, "model": "YAASProject.userprofile", "fields": {"lang": "EN", "user": 2}}, {"pk": 2, "model": "YAASProject.userprofile", "fields": {"lang": "EN", "user": 3}}, {"pk": 3, "model": "YAASProject.userprofile", "fields": {"lang": "EN", "user": 4}}, {"pk": 4, "model": "YAASProject.userprofile", "fields": {"lang": "EN", "user": 5}}, {"pk": 5, "model": "YAASProject.userprofile", "fields": {"lang": "EN", "user": 6}}, {"pk": 6, "model": "YAASProject.userprofile", "fields": {"lang": "EN", "user": 7}}, {"pk": 7, "model": "YAASProject.userprofile", "fields": {"lang": "EN", "user": 8}}, {"pk": 8, "model": "YAASProject.userprofile", "fields": {"lang": "EN", "user": 9}}, {"pk": 9, "model": "YAASProject.userprofile", "fields": {"lang": "EN", "user": 10}}, {"pk": 10, "model": "YAASProject.userprofile", "fields": {"lang": "EN", "user": 11}}, {"pk": 11, "model": "YAASProject.userprofile", "fields": {"lang": "EN", "user": 12}}, {"pk": 12, "model": "YAASProject.userprofile", "fields": {"lang": "EN", "user": 13}}, {"pk": 13, "model": "YAASProject.userprofile", "fields": {"lang": "EN", "user": 14}}, {"pk": 14, "model": "YAASProject.userprofile", "fields": {"lang": "EN", "user": 15}}, {"pk": 15, "model": "YAASProject.userprofile", "fields": {"lang": "EN", "user": 16}}, {"pk": 16, "model": "YAASProject.userprofile", "fields": {"lang": "EN", "user": 17}}, {"pk": 17, "model": "YAASProject.userprofile", "fields": {"lang": "EN", "user": 18}}, {"pk": 18, "model": "YAASProject.userprofile", "fields": {"lang": "EN", "user": 19}}, {"pk": 19, "model": "YAASProject.userprofile", "fields": {"lang": "EN", "user": 20}}, {"pk": 20, "model": "YAASProject.userprofile", "fields": {"lang": "EN", "user": 21}}, {"pk": 21, "model": "YAASProject.userprofile", "fields": {"lang": "EN", "user": 22}}, {"pk": 22, "model": "YAASProject.userprofile", "fields": {"lang": "EN", "user": 23}}, {"pk": 23, "model": "YAASProject.userprofile", "fields": {"lang": "EN", "user": 24}}, {"pk": 24, "model": "YAASProject.userprofile", "fields": {"lang": "EN", "user": 25}}, {"pk": 25, "model": "YAASProject.userprofile", "fields": {"lang": "EN", "user": 26}}, {"pk": 26, "model": "YAASProject.userprofile", "fields": {"lang": "EN", "user": 27}}, {"pk": 27, "model": "YAASProject.userprofile", "fields": {"lang": "EN", "user": 28}}, {"pk": 28, "model": "YAASProject.userprofile", "fields": {"lang": "EN", "user": 29}}, {"pk": 29, "model": "YAASProject.userprofile", "fields": {"lang": "EN", "user": 30}}, {"pk": 30, "model": "YAASProject.userprofile", "fields": {"lang": "EN", "user": 31}}, {"pk": 31, "model": "YAASProject.userprofile", "fields": {"lang": "EN", "user": 32}}, {"pk": 32, "model": "YAASProject.userprofile", "fields": {"lang": "EN", "user": 33}}, {"pk": 33, "model": "YAASProject.userprofile", "fields": {"lang": "EN", "user": 34}}, {"pk": 34, "model": "YAASProject.userprofile", "fields": {"lang": "EN", "user": 35}}, {"pk": 35, "model": "YAASProject.userprofile", "fields": {"lang": "EN", "user": 36}}, {"pk": 36, "model": "YAASProject.userprofile", "fields": {"lang": "EN", "user": 37}}, {"pk": 37, "model": "YAASProject.userprofile", "fields": {"lang": "EN", "user": 38}}, {"pk": 38, "model": "YAASProject.userprofile", "fields": {"lang": "EN", "user": 39}}, {"pk": 39, "model": "YAASProject.userprofile", "fields": {"lang": "EN", "user": 40}}, {"pk": 40, "model": "YAASProject.userprofile", "fields": {"lang": "EN", "user": 41}}, {"pk": 41, "model": "YAASProject.userprofile", "fields": {"lang": "EN", "user": 42}}, {"pk": 42, "model": "YAASProject.userprofile", "fields": {"lang": "EN", "user": 43}}, {"pk": 43, "model": "YAASProject.userprofile", "fields": {"lang": "EN", "user": 44}}, {"pk": 44, "model": "YAASProject.userprofile", "fields": {"lang": "EN", "user": 45}}, {"pk": 45, "model": "YAASProject.userprofile", "fields": {"lang": "EN", "user": 46}}, {"pk": 46, "model": "YAASProject.userprofile", "fields": {"lang": "EN", "user": 47}}, {"pk": 47, "model": "YAASProject.userprofile", "fields": {"lang": "EN", "user": 48}}, {"pk": 48, "model": "YAASProject.userprofile", "fields": {"lang": "EN", "user": 49}}, {"pk": 49, "model": "YAASProject.userprofile", "fields": {"lang": "EN", "user": 50}}, {"pk": 50, "model": "YAASProject.userprofile", "fields": {"lang": "EN", "user": 51}}, {"pk": 51, "model": "YAASProject.userprofile", "fields": {"lang": "EN", "user": 52}}, {"pk": 52, "model": "YAASProject.userprofile", "fields": {"lang": "EN", "user": 53}}, {"pk": 53, "model": "YAASProject.userprofile", "fields": {"lang": "EN", "user": 54}}, {"pk": 54, "model": "YAASProject.userprofile", "fields": {"lang": "EN", "user": 55}}, {"pk": 55, "model": "YAASProject.userprofile", "fields": {"lang": "EN", "user": 56}}, {"pk": 56, "model": "YAASProject.userprofile", "fields": {"lang": "EN", "user": 57}}, {"pk": 57, "model": "YAASProject.userprofile", "fields": {"lang": "EN", "user": 58}}, {"pk": 58, "model": "YAASProject.userprofile", "fields": {"lang": "EN", "user": 59}}, {"pk": 59, "model": "YAASProject.userprofile", "fields": {"lang": "EN", "user": 60}}, {"pk": 60, "model": "YAASProject.userprofile", "fields": {"lang": "EN", "user": 61}}, {"pk": 1, "model": "YAASProject.auction", "fields": {"status": "ACT", "description": "descr 1", "title": "title 1", "winner_bid": 0, "deadline_date": "2013-03-30T19:24:24.285Z", "min_price": "0", "user": 2, "version": 0, "published_date": "2013-03-27T19:26:30.787Z", "current_price": "10"}}, {"pk": 10, "model": "YAASProject.auction", "fields": {"status": "BAN", "description": "descr 10", "title": "title 10", "winner_bid": 0, "deadline_date": "2013-03-30T19:24:24.285Z", "min_price": "9", "user": 11, "version": 0, "published_date": "2013-03-27T19:26:33.311Z", "current_price": "19"}}, {"pk": 11, "model": "YAASProject.auction", "fields": {"status": "ADJ", "description": "descr 11", "title": "title 11", "winner_bid": 0, "deadline_date": "2013-03-30T19:24:24.285Z", "min_price": "10", "user": 12, "version": 0, "published_date": "2013-03-27T19:26:34.026Z", "current_price": "10"}}, {"pk": 12, "model": "YAASProject.auction", "fields": {"status": "ACT", "description": "descr 12", "title": "title 12", "winner_bid": 0, "deadline_date": "2013-03-30T19:24:24.285Z", "min_price": "11", "user": 13, "version": 0, "published_date": "2013-03-27T19:26:34.270Z", "current_price": "11"}}, {"pk": 13, "model": "YAASProject.auction", "fields": {"status": "ACT", "description": "descr 13", "title": "title 13", "winner_bid": 0, "deadline_date": "2013-03-30T19:24:24.285Z", "min_price": "12", "user": 14, "version": 0, "published_date": "2013-03-27T19:26:34.502Z", "current_price": "12"}}, {"pk": 14, "model": "YAASProject.auction", "fields": {"status": "ACT", "description": "descr 14", "title": "title 14", "winner_bid": 0, "deadline_date": "2013-03-30T19:24:24.285Z", "min_price": "13", "user": 15, "version": 0, "published_date": "2013-03-27T19:26:34.725Z", "current_price": "13"}}, {"pk": 15, "model": "YAASProject.auction", "fields": {"status": "ACT", "description": "descr 15", "title": "title 15", "winner_bid": 0, "deadline_date": "2013-03-30T19:24:24.285Z", "min_price": "14", "user": 16, "version": 0, "published_date": "2013-03-27T19:26:34.953Z", "current_price": "14"}}, {"pk": 16, "model": "YAASProject.auction", "fields": {"status": "ACT", "description": "descr 16", "title": "title 16", "winner_bid": 0, "deadline_date": "2013-03-30T19:24:24.285Z", "min_price": "15", "user": 17, "version": 0, "published_date": "2013-03-27T19:26:35.297Z", "current_price": "15"}}, {"pk": 17, "model": "YAASProject.auction", "fields": {"status": "ACT", "description": "descr 17", "title": "title 17", "winner_bid": 0, "deadline_date": "2013-03-30T19:24:24.285Z", "min_price": "16", "user": 18, "version": 0, "published_date": "2013-03-27T19:26:35.541Z", "current_price": "16"}}, {"pk": 18, "model": "YAASProject.auction", "fields": {"status": "ACT", "description": "descr 18", "title": "title 18", "winner_bid": 0, "deadline_date": "2013-03-30T19:24:24.285Z", "min_price": "17", "user": 19, "version": 0, "published_date": "2013-03-27T19:26:35.783Z", "current_price": "17"}}, {"pk": 19, "model": "YAASProject.auction", "fields": {"status": "ACT", "description": "descr 19", "title": "title 19", "winner_bid": 0, "deadline_date": "2013-03-30T19:24:24.285Z", "min_price": "18", "user": 20, "version": 0, "published_date": "2013-03-27T19:26:36.017Z", "current_price": "18"}}, {"pk": 2, "model": "YAASProject.auction", "fields": {"status": "ACT", "description": "descr 2", "title": "title 2", "winner_bid": 0, "deadline_date": "2013-03-30T19:24:24.285Z", "min_price": "1", "user": 3, "version": 0, "published_date": "2013-03-27T19:26:31.029Z", "current_price": "11"}}, {"pk": 20, "model": "YAASProject.auction", "fields": {"status": "ACT", "description": "descr 20", "title": "title 20", "winner_bid": 0, "deadline_date": "2013-03-30T19:24:24.285Z", "min_price": "19", "user": 21, "version": 0, "published_date": "2013-03-27T19:26:36.248Z", "current_price": "19"}}, {"pk": 21, "model": "YAASProject.auction", "fields": {"status": "ACT", "description": "descr 21", "title": "title 21", "winner_bid": 0, "deadline_date": "2013-03-30T19:24:24.285Z", "min_price": "20", "user": 22, "version": 0, "published_date": "2013-03-27T19:26:36.526Z", "current_price": "20"}}, {"pk": 22, "model": "YAASProject.auction", "fields": {"status": "ACT", "description": "descr 22", "title": "title 22", "winner_bid": 0, "deadline_date": "2013-03-30T19:24:24.285Z", "min_price": "21", "user": 23, "version": 0, "published_date": "2013-03-27T19:26:36.750Z", "current_price": "21"}}, {"pk": 23, "model": "YAASProject.auction", "fields": {"status": "ACT", "description": "descr 23", "title": "title 23", "winner_bid": 0, "deadline_date": "2013-03-30T19:24:24.285Z", "min_price": "22", "user": 24, "version": 0, "published_date": "2013-03-27T19:26:36.968Z", "current_price": "22"}}, {"pk": 24, "model": "YAASProject.auction", "fields": {"status": "ACT", "description": "descr 24", "title": "title 24", "winner_bid": 0, "deadline_date": "2013-03-30T19:24:24.285Z", "min_price": "23", "user": 25, "version": 0, "published_date": "2013-03-27T19:26:37.232Z", "current_price": "23"}}, {"pk": 25, "model": "YAASProject.auction", "fields": {"status": "ACT", "description": "descr 25", "title": "title 25", "winner_bid": 0, "deadline_date": "2013-03-30T19:24:24.285Z", "min_price": "24", "user": 26, "version": 0, "published_date": "2013-03-27T19:26:37.488Z", "current_price": "24"}}, {"pk": 26, "model": "YAASProject.auction", "fields": {"status": "ACT", "description": "descr 26", "title": "title 26", "winner_bid": 0, "deadline_date": "2013-03-30T19:24:24.285Z", "min_price": "25", "user": 27, "version": 0, "published_date": "2013-03-27T19:26:37.762Z", "current_price": "25"}}, {"pk": 27, "model": "YAASProject.auction", "fields": {"status": "ACT", "description": "descr 27", "title": "title 27", "winner_bid": 0, "deadline_date": "2013-03-30T19:24:24.285Z", "min_price": "26", "user": 28, "version": 0, "published_date": "2013-03-27T19:26:38Z", "current_price": "26"}}, {"pk": 28, "model": "YAASProject.auction", "fields": {"status": "ACT", "description": "descr 28", "title": "title 28", "winner_bid": 0, "deadline_date": "2013-03-30T19:24:24.285Z", "min_price": "27", "user": 29, "version": 0, "published_date": "2013-03-27T19:26:38.239Z", "current_price": "27"}}, {"pk": 29, "model": "YAASProject.auction", "fields": {"status": "ACT", "description": "descr 29", "title": "title 29", "winner_bid": 0, "deadline_date": "2013-03-30T19:24:24.285Z", "min_price": "28", "user": 30, "version": 0, "published_date": "2013-03-27T19:26:38.472Z", "current_price": "28"}}, {"pk": 3, "model": "YAASProject.auction", "fields": {"status": "ACT", "description": "descr 3", "title": "title 3", "winner_bid": 0, "deadline_date": "2013-03-30T19:24:24.285Z", "min_price": "2", "user": 4, "version": 0, "published_date": "2013-03-27T19:26:31.441Z", "current_price": "12"}}, {"pk": 30, "model": "YAASProject.auction", "fields": {"status": "ACT", "description": "descr 30", "title": "title 30", "winner_bid": 0, "deadline_date": "2013-03-30T19:24:24.285Z", "min_price": "29", "user": 31, "version": 0, "published_date": "2013-03-27T19:26:38.699Z", "current_price": "29"}}, {"pk": 31, "model": "YAASProject.auction", "fields": {"status": "ACT", "description": "descr 31", "title": "title 31", "winner_bid": 0, "deadline_date": "2013-03-30T19:24:24.285Z", "min_price": "30", "user": 32, "version": 0, "published_date": "2013-03-27T19:26:38.974Z", "current_price": "30"}}, {"pk": 32, "model": "YAASProject.auction", "fields": {"status": "ACT", "description": "descr 32", "title": "title 32", "winner_bid": 0, "deadline_date": "2013-03-30T19:24:24.285Z", "min_price": "31", "user": 33, "version": 0, "published_date": "2013-03-27T19:26:39.197Z", "current_price": "31"}}, {"pk": 33, "model": "YAASProject.auction", "fields": {"status": "ACT", "description": "descr 33", "title": "title 33", "winner_bid": 0, "deadline_date": "2013-03-30T19:24:24.285Z", "min_price": "32", "user": 34, "version": 0, "published_date": "2013-03-27T19:26:39.431Z", "current_price": "32"}}, {"pk": 34, "model": "YAASProject.auction", "fields": {"status": "ACT", "description": "descr 34", "title": "title 34", "winner_bid": 0, "deadline_date": "2013-03-30T19:24:24.285Z", "min_price": "33", "user": 35, "version": 0, "published_date": "2013-03-27T19:26:39.781Z", "current_price": "33"}}, {"pk": 35, "model": "YAASProject.auction", "fields": {"status": "ACT", "description": "descr 35", "title": "title 35", "winner_bid": 0, "deadline_date": "2013-03-30T19:24:24.285Z", "min_price": "34", "user": 36, "version": 0, "published_date": "2013-03-27T19:26:40.212Z", "current_price": "34"}}, {"pk": 36, "model": "YAASProject.auction", "fields": {"status": "ACT", "description": "descr 36", "title": "title 36", "winner_bid": 0, "deadline_date": "2013-03-30T19:24:24.285Z", "min_price": "35", "user": 37, "version": 0, "published_date": "2013-03-27T19:26:40.468Z", "current_price": "35"}}, {"pk": 37, "model": "YAASProject.auction", "fields": {"status": "ACT", "description": "descr 37", "title": "title 37", "winner_bid": 0, "deadline_date": "2013-03-30T19:24:24.285Z", "min_price": "36", "user": 38, "version": 0, "published_date": "2013-03-27T19:26:40.689Z", "current_price": "36"}}, {"pk": 38, "model": "YAASProject.auction", "fields": {"status": "ACT", "description": "descr 38", "title": "title 38", "winner_bid": 0, "deadline_date": "2013-03-30T19:24:24.285Z", "min_price": "37", "user": 39, "version": 0, "published_date": "2013-03-27T19:26:40.917Z", "current_price": "37"}}, {"pk": 39, "model": "YAASProject.auction", "fields": {"status": "ACT", "description": "descr 39", "title": "title 39", "winner_bid": 0, "deadline_date": "2013-03-30T19:24:24.285Z", "min_price": "38", "user": 40, "version": 0, "published_date": "2013-03-27T19:26:41.142Z", "current_price": "38"}}, {"pk": 4, "model": "YAASProject.auction", "fields": {"status": "ACT", "description": "descr 4", "title": "title 4", "winner_bid": 0, "deadline_date": "2013-03-30T19:24:24.285Z", "min_price": "3", "user": 5, "version": 0, "published_date": "2013-03-27T19:26:31.680Z", "current_price": "13"}}, {"pk": 40, "model": "YAASProject.auction", "fields": {"status": "ACT", "description": "descr 40", "title": "title 40", "winner_bid": 0, "deadline_date": "2013-03-30T19:24:24.285Z", "min_price": "39", "user": 41, "version": 0, "published_date": "2013-03-27T19:26:41.518Z", "current_price": "39"}}, {"pk": 41, "model": "YAASProject.auction", "fields": {"status": "ACT", "description": "descr 41", "title": "title 41", "winner_bid": 0, "deadline_date": "2013-03-30T19:24:24.285Z", "min_price": "40", "user": 42, "version": 0, "published_date": "2013-03-27T19:26:41.848Z", "current_price": "40"}}, {"pk": 42, "model": "YAASProject.auction", "fields": {"status": "ACT", "description": "descr 42", "title": "title 42", "winner_bid": 0, "deadline_date": "2013-03-30T19:24:24.285Z", "min_price": "41", "user": 43, "version": 0, "published_date": "2013-03-27T19:26:42.072Z", "current_price": "41"}}, {"pk": 43, "model": "YAASProject.auction", "fields": {"status": "ACT", "description": "descr 43", "title": "title 43", "winner_bid": 0, "deadline_date": "2013-03-30T19:24:24.285Z", "min_price": "42", "user": 44, "version": 0, "published_date": "2013-03-27T19:26:42.296Z", "current_price": "42"}}, {"pk": 44, "model": "YAASProject.auction", "fields": {"status": "ACT", "description": "descr 44", "title": "title 44", "winner_bid": 0, "deadline_date": "2013-03-30T19:24:24.285Z", "min_price": "43", "user": 45, "version": 0, "published_date": "2013-03-27T19:26:42.538Z", "current_price": "43"}}, {"pk": 45, "model": "YAASProject.auction", "fields": {"status": "ACT", "description": "descr 45", "title": "title 45", "winner_bid": 0, "deadline_date": "2013-03-30T19:24:24.285Z", "min_price": "44", "user": 46, "version": 0, "published_date": "2013-03-27T19:26:42.793Z", "current_price": "44"}}, {"pk": 46, "model": "YAASProject.auction", "fields": {"status": "ACT", "description": "descr 46", "title": "title 46", "winner_bid": 0, "deadline_date": "2013-03-30T19:24:24.285Z", "min_price": "45", "user": 47, "version": 0, "published_date": "2013-03-27T19:26:43.012Z", "current_price": "45"}}, {"pk": 47, "model": "YAASProject.auction", "fields": {"status": "ACT", "description": "descr 47", "title": "title 47", "winner_bid": 0, "deadline_date": "2013-03-30T19:24:24.285Z", "min_price": "46", "user": 48, "version": 0, "published_date": "2013-03-27T19:26:43.240Z", "current_price": "46"}}, {"pk": 48, "model": "YAASProject.auction", "fields": {"status": "ACT", "description": "descr 48", "title": "title 48", "winner_bid": 0, "deadline_date": "2013-03-30T19:24:24.285Z", "min_price": "47", "user": 49, "version": 0, "published_date": "2013-03-27T19:26:43.480Z", "current_price": "47"}}, {"pk": 49, "model": "YAASProject.auction", "fields": {"status": "ACT", "description": "descr 49", "title": "title 49", "winner_bid": 0, "deadline_date": "2013-03-30T19:24:24.285Z", "min_price": "48", "user": 50, "version": 0, "published_date": "2013-03-27T19:26:43.729Z", "current_price": "48"}}, {"pk": 5, "model": "YAASProject.auction", "fields": {"status": "ACT", "description": "descr 5", "title": "title 5", "winner_bid": 0, "deadline_date": "2013-03-30T19:24:24.285Z", "min_price": "4", "user": 6, "version": 0, "published_date": "2013-03-27T19:26:31.918Z", "current_price": "14"}}, {"pk": 50, "model": "YAASProject.auction", "fields": {"status": "ACT", "description": "descr 50", "title": "title 50", "winner_bid": 0, "deadline_date": "2013-03-30T19:24:24.285Z", "min_price": "49", "user": 51, "version": 0, "published_date": "2013-03-27T19:26:43.989Z", "current_price": "49"}}, {"pk": 51, "model": "YAASProject.auction", "fields": {"status": "ACT", "description": "descr 51", "title": "title 51", "winner_bid": 0, "deadline_date": "2013-03-30T19:24:24.285Z", "min_price": "50", "user": 52, "version": 0, "published_date": "2013-03-27T19:26:44.253Z", "current_price": "50"}}, {"pk": 52, "model": "YAASProject.auction", "fields": {"status": "ACT", "description": "descr 52", "title": "title 52", "winner_bid": 0, "deadline_date": "2013-03-30T19:24:24.285Z", "min_price": "51", "user": 53, "version": 0, "published_date": "2013-03-27T19:26:44.485Z", "current_price": "51"}}, {"pk": 53, "model": "YAASProject.auction", "fields": {"status": "ACT", "description": "descr 53", "title": "title 53", "winner_bid": 0, "deadline_date": "2013-03-30T19:24:24.285Z", "min_price": "52", "user": 54, "version": 0, "published_date": "2013-03-27T19:26:44.708Z", "current_price": "52"}}, {"pk": 54, "model": "YAASProject.auction", "fields": {"status": "ACT", "description": "descr 54", "title": "title 54", "winner_bid": 0, "deadline_date": "2013-03-30T19:24:24.285Z", "min_price": "53", "user": 55, "version": 0, "published_date": "2013-03-27T19:26:44.929Z", "current_price": "53"}}, {"pk": 55, "model": "YAASProject.auction", "fields": {"status": "ACT", "description": "descr 55", "title": "title 55", "winner_bid": 0, "deadline_date": "2013-03-30T19:24:24.285Z", "min_price": "54", "user": 56, "version": 0, "published_date": "2013-03-27T19:26:45.200Z", "current_price": "54"}}, {"pk": 56, "model": "YAASProject.auction", "fields": {"status": "ACT", "description": "descr 56", "title": "title 56", "winner_bid": 0, "deadline_date": "2013-03-30T19:24:24.285Z", "min_price": "55", "user": 57, "version": 0, "published_date": "2013-03-27T19:26:45.532Z", "current_price": "55"}}, {"pk": 57, "model": "YAASProject.auction", "fields": {"status": "ACT", "description": "descr 57", "title": "title 57", "winner_bid": 0, "deadline_date": "2013-03-30T19:24:24.285Z", "min_price": "56", "user": 58, "version": 0, "published_date": "2013-03-27T19:26:45.790Z", "current_price": "56"}}, {"pk": 58, "model": "YAASProject.auction", "fields": {"status": "ACT", "description": "descr 58", "title": "title 58", "winner_bid": 0, "deadline_date": "2013-03-30T19:24:24.285Z", "min_price": "57", "user": 59, "version": 0, "published_date": "2013-03-27T19:26:46.026Z", "current_price": "57"}}, {"pk": 59, "model": "YAASProject.auction", "fields": {"status": "ACT", "description": "descr 59", "title": "title 59", "winner_bid": 0, "deadline_date": "2013-03-30T19:24:24.285Z", "min_price": "58", "user": 60, "version": 0, "published_date": "2013-03-27T19:26:46.297Z", "current_price": "58"}}, {"pk": 6, "model": "YAASProject.auction", "fields": {"status": "ACT", "description": "descr 6", "title": "title 6", "winner_bid": 0, "deadline_date": "2013-03-30T19:24:24.285Z", "min_price": "5", "user": 7, "version": 0, "published_date": "2013-03-27T19:26:32.163Z", "current_price": "15"}}, {"pk": 60, "model": "YAASProject.auction", "fields": {"status": "ACT", "description": "descr 60", "title": "title 60", "winner_bid": 0, "deadline_date": "2013-03-30T19:24:24.285Z", "min_price": "59", "user": 61, "version": 0, "published_date": "2013-03-27T19:26:46.556Z", "current_price": "59"}}, {"pk": 7, "model": "YAASProject.auction", "fields": {"status": "ACT", "description": "descr 7", "title": "title 7", "winner_bid": 0, "deadline_date": "2013-03-30T19:24:24.285Z", "min_price": "6", "user": 8, "version": 0, "published_date": "2013-03-27T19:26:32.397Z", "current_price": "16"}}, {"pk": 8, "model": "YAASProject.auction", "fields": {"status": "ACT", "description": "descr 8", "title": "title 8", "winner_bid": 0, "deadline_date": "2013-03-30T19:24:24.285Z", "min_price": "7", "user": 9, "version": 0, "published_date": "2013-03-27T19:26:32.778Z", "current_price": "17"}}, {"pk": 9, "model": "YAASProject.auction", "fields": {"status": "ACT", "description": "descr 9", "title": "title 9", "winner_bid": 0, "deadline_date": "2013-03-30T19:24:24.285Z", "min_price": "8", "user": 10, "version": 0, "published_date": "2013-03-27T19:26:33.055Z", "current_price": "18"}}, {"pk": 1, "model": "YAASProject.bid", "fields": {"bid_date": "2013-03-27T19:26:46.584Z", "price": "10", "auction_id": 1, "user": 3}}, {"pk": 2, "model": "YAASProject.bid", "fields": {"bid_date": "2013-03-27T19:26:46.639Z", "price": "11", "auction_id": 2, "user": 4}}, {"pk": 3, "model": "YAASProject.bid", "fields": {"bid_date": "2013-03-27T19:26:46.694Z", "price": "12", "auction_id": 3, "user": 5}}, {"pk": 4, "model": "YAASProject.bid", "fields": {"bid_date": "2013-03-27T19:26:46.748Z", "price": "13", "auction_id": 4, "user": 6}}, {"pk": 5, "model": "YAASProject.bid", "fields": {"bid_date": "2013-03-27T19:26:46.801Z", "price": "14", "auction_id": 5, "user": 7}}, {"pk": 6, "model": "YAASProject.bid", "fields": {"bid_date": "2013-03-27T19:26:46.853Z", "price": "15", "auction_id": 6, "user": 8}}, {"pk": 7, "model": "YAASProject.bid", "fields": {"bid_date": "2013-03-27T19:26:46.905Z", "price": "16", "auction_id": 7, "user": 9}}, {"pk": 8, "model": "YAASProject.bid", "fields": {"bid_date": "2013-03-27T19:26:46.969Z", "price": "17", "auction_id": 8, "user": 10}}, {"pk": 9, "model": "YAASProject.bid", "fields": {"bid_date": "2013-03-27T19:26:47.023Z", "price": "18", "auction_id": 9, "user": 11}}, {"pk": 10, "model": "YAASProject.bid", "fields": {"bid_date": "2013-03-27T19:26:47.078Z", "price": "19", "auction_id": 10, "user": 12}}]